 2019公安院校统一联考行政职业能力测试（12月卷一）,,126,126
 2019公安院校统一联考行政职业能力测试（12月卷一）,ANDROID,10,10
 2019公安院校统一联考行政职业能力测试（12月卷一）,BATCH,6,6
 2019公安院校统一联考行政职业能力测试（12月卷一）,EDUCATION,61,61
 2019公安院校统一联考行政职业能力测试（12月卷一）,IPHONE,346,346
 2019公安院校统一联考行政职业能力测试（12月卷一）,MOBILE,24,24
 2019公安院校统一联考行政职业能力测试（12月卷一）,PC,418,418
 2019公安院校统一联考行政职业能力测试（12月卷一）,WEI_XIN_APPLET,5,5
 2019公安院校统一联考行政职业能力测试（12月卷一）【补】,,14,14
 2019公安院校统一联考行政职业能力测试（12月卷一）【补】,EDUCATION,6,6
 2019公安院校统一联考行政职业能力测试（12月卷一）【补】,IPHONE,9,9
 2019公安院校统一联考行政职业能力测试（12月卷一）【补】,PC,31,31
 2019公安院校统一联考行政职业能力测试（12月卷一）【补】,WEI_XIN_APPLET,1,1
 2019公安院校统一联考行政职业能力测试（12月卷）,,4,4
 2019公安院校统一联考行政职业能力测试（12月卷）,ANDROID,1,1
 2019公安院校统一联考行政职业能力测试（12月卷）,EDUCATION,1,1
 2019公安院校统一联考行政职业能力测试（12月卷）,IPHONE,2,2
 2019公安院校统一联考行政职业能力测试（12月卷）,PC,2,2
2018事业单位万人模考第十三季,,68,68
2018事业单位万人模考第十三季,ANDROID,37,37
2018事业单位万人模考第十三季,ANDROID_IPAD,1,1
2018事业单位万人模考第十三季,BATCH,2,2
2018事业单位万人模考第十三季,EDUCATION,11,11
2018事业单位万人模考第十三季,IPHONE,14,14
2018事业单位万人模考第十三季,PC,2,2
2018年下半年全国教师资格证中学教育知识与能力—测试A,EDUCATION,1,1
2018年下半年全国教师资格证中学教育知识与能力—测试A,WEI_XIN_APPLET,1,1
2018年下半年教师资格证中学综合素质-测试A,EDUCATION,1,1
2018年下半年教师资格证中学综合素质-测试A,WEI_XIN_APPLET,1,1
2018年下半年教师资格证中学综合素质-测试B,EDUCATION,1,1
2018年事业单位万人模考第七季,,354,354
2018年事业单位万人模考第七季,ANDROID,64,64
2018年事业单位万人模考第七季,EDUCATION,23,23
2018年事业单位万人模考第七季,IPHONE,15,15
2018年事业单位万人模考第七季,MOBILE,1,1
2018年事业单位万人模考第七季,PC,4,4
2018年事业单位万人模考第九季,,210,210
2018年事业单位万人模考第九季,ANDROID,68,68
2018年事业单位万人模考第九季,EDUCATION,26,26
2018年事业单位万人模考第九季,IPHONE,23,23
2018年事业单位万人模考第九季,MOBILE,3,3
2018年事业单位万人模考第九季,PC,1,1
2018年事业单位万人模考第五季,,222,222
2018年事业单位万人模考第五季,ANDROID,32,32
2018年事业单位万人模考第五季,EDUCATION,13,13
2018年事业单位万人模考第五季,IPHONE,7,7
2018年事业单位万人模考第五季,PC,1,1
2018年事业单位万人模考第八季,,281,281
2018年事业单位万人模考第八季,ANDROID,68,68
2018年事业单位万人模考第八季,EDUCATION,32,32
2018年事业单位万人模考第八季,IPHONE,16,16
2018年事业单位万人模考第八季,MOBILE,2,2
2018年事业单位万人模考第八季,PC,4,4
2018年事业单位万人模考第六季,,264,264
2018年事业单位万人模考第六季,ANDROID,39,39
2018年事业单位万人模考第六季,EDUCATION,14,14
2018年事业单位万人模考第六季,IPHONE,9,9
2018年事业单位万人模考第六季,PC,2,2
2018年事业单位万人模考第十一季,,342,342
2018年事业单位万人模考第十一季,ANDROID,100,100
2018年事业单位万人模考第十一季,BATCH,3,3
2018年事业单位万人模考第十一季,EDUCATION,32,32
2018年事业单位万人模考第十一季,IPHONE,31,31
2018年事业单位万人模考第十一季,MOBILE,3,3
2018年事业单位万人模考第十一季,PC,12,12
2018年事业单位万人模考第十七季,,302,302
2018年事业单位万人模考第十七季,ANDROID,117,117
2018年事业单位万人模考第十七季,BATCH,6,6
2018年事业单位万人模考第十七季,EDUCATION,43,43
2018年事业单位万人模考第十七季,IPHONE,41,41
2018年事业单位万人模考第十七季,MOBILE,4,4
2018年事业单位万人模考第十七季,PC,11,11
2018年事业单位万人模考第十二季,,89,89
2018年事业单位万人模考第十二季,ANDROID,39,39
2018年事业单位万人模考第十二季,EDUCATION,8,8
2018年事业单位万人模考第十二季,IPHONE,7,7
2018年事业单位万人模考第十二季,PC,2,2
2018年事业单位万人模考第十五季,,209,209
2018年事业单位万人模考第十五季,ANDROID,105,105
2018年事业单位万人模考第十五季,BATCH,3,3
2018年事业单位万人模考第十五季,EDUCATION,33,33
2018年事业单位万人模考第十五季,IPHONE,35,35
2018年事业单位万人模考第十五季,MOBILE,4,4
2018年事业单位万人模考第十五季,PC,2,2
2018年事业单位万人模考第十六季,,323,323
2018年事业单位万人模考第十六季,ANDROID,128,128
2018年事业单位万人模考第十六季,BATCH,4,4
2018年事业单位万人模考第十六季,EDUCATION,52,52
2018年事业单位万人模考第十六季,IPHONE,49,49
2018年事业单位万人模考第十六季,MOBILE,4,4
2018年事业单位万人模考第十六季,PC,8,8
2018年事业单位万人模考第十四季,,254,254
2018年事业单位万人模考第十四季,ANDROID,126,126
2018年事业单位万人模考第十四季,BATCH,4,4
2018年事业单位万人模考第十四季,EDUCATION,50,50
2018年事业单位万人模考第十四季,IPHONE,30,30
2018年事业单位万人模考第十四季,MOBILE,8,8
2018年事业单位万人模考第十四季,PC,6,6
2018年事业单位万人模考第十季,,251,251
2018年事业单位万人模考第十季,ANDROID,85,85
2018年事业单位万人模考第十季,BATCH,3,3
2018年事业单位万人模考第十季,EDUCATION,30,30
2018年事业单位万人模考第十季,IPHONE,26,26
2018年事业单位万人模考第十季,MOBILE,1,1
2018年事业单位万人模考第十季,PC,2,2
2018年公安院校联考行测模拟考试第一期,,200,200
2018年公安院校联考行测模拟考试第一期,ANDROID,32,32
2018年公安院校联考行测模拟考试第一期,BATCH,2,2
2018年公安院校联考行测模拟考试第一期,EDUCATION,83,83
2018年公安院校联考行测模拟考试第一期,IPHONE,314,314
2018年公安院校联考行测模拟考试第一期,MOBILE,5,5
2018年公安院校联考行测模拟考试第一期,PC,494,494
2018年公安院校联考行测模拟考试第一期10,,6,6
2018年公安院校联考行测模拟考试第一期10,ANDROID,2,2
2018年公安院校联考行测模拟考试第一期（内部使用01）,,4,4
2018年公安院校联考行测模拟考试第一期（内部使用01）,EDUCATION,1,1
2018年公安院校联考行测模拟考试第一期（内部使用01）,IPHONE,1,1
2018年公安院校联考行测模拟考试第一期（内部使用01）,PC,2,2
2018年公安院校联考行测模拟考试第一期（机考内部专用）,,133,133
2018年公安院校联考行测模拟考试第一期（机考内部专用）,ANDROID,44,44
2018年公安院校联考行测模拟考试第一期（机考内部专用）,BATCH,4,4
2018年公安院校联考行测模拟考试第一期（机考内部专用）,EDUCATION,15,15
2018年公安院校联考行测模拟考试第一期（机考内部专用）,IPHONE,20,20
2018年公安院校联考行测模拟考试第一期（机考内部专用）,MOBILE,1,1
2018年公安院校联考行测模拟考试第一期（机考内部专用）,PC,11,11
2018年公安院校联考行测模拟考试第一期（机考内部专用）,WEI_XIN_APPLET,3,3
2018省考万人模考第二十二季(行测+申论),,175,175
2018省考万人模考第二十二季(行测+申论),ANDROID,345,345
2018省考万人模考第二十二季(行测+申论),IPHONE,95,95
2018省考万人模考第二十四季（行测＋申论）,,10942,10942
2018省考万人模考第二十四季（行测＋申论）,ANDROID,2527,2527
2018省考万人模考第二十四季（行测＋申论）,IPHONE,200,200
2018省考万人模考第二十季,,8917,8917
2018省考万人模考第二十季,ANDROID,1471,1471
2018省考万人模考第二十季,IPHONE,133,133
2018省考万人模考第十一季,,1116,1116
2018省考万人模考第十一季,ANDROID,219,219
2018省考万人模考第十一季,IPHONE,14,14
2018省考万人模考第十七季,,1361,1361
2018省考万人模考第十七季,ANDROID,141,141
2018省考万人模考第十七季,IPHONE,14,14
2018省考万人模考第十三季,,2012,2012
2018省考万人模考第十三季,ANDROID,395,395
2018省考万人模考第十三季,IPHONE,24,24
2018省考万人模考第十九季,,1561,1561
2018省考万人模考第十九季,ANDROID,770,770
2018省考万人模考第十九季,IPHONE,69,69
2018省考万人模考第十二季,,1400,1400
2018省考万人模考第十二季,ANDROID,250,250
2018省考万人模考第十二季,IPHONE,25,25
2018省考万人模考第十五季,,1794,1794
2018省考万人模考第十五季,ANDROID,349,349
2018省考万人模考第十五季,IPHONE,29,29
2018省考万人模考第十八季（行测＋申论）,,2940,2940
2018省考万人模考第十八季（行测＋申论）,ANDROID,546,546
2018省考万人模考第十八季（行测＋申论）,IPHONE,56,56
2018省考万人模考第十六季,,2232,2232
2018省考万人模考第十六季,ANDROID,419,419
2018省考万人模考第十六季,IPHONE,37,37
2018省考万人模考第十四季,,1990,1990
2018省考万人模考第十四季,ANDROID,412,412
2018省考万人模考第十四季,IPHONE,36,36
2018省考万人模考第十季,,1043,1043
2018省考万人模考第十季,ANDROID,179,179
2018省考万人模考第十季,IPHONE,17,17
2019上教师资格证教育教学知识与能力（小学）押题模考-第一季,,3,3
2019上教师资格证教育教学知识与能力（小学）押题模考-第一季,ANDROID,8,8
2019上教师资格证教育教学知识与能力（小学）押题模考-第一季,BATCH,2,2
2019上教师资格证教育教学知识与能力（小学）押题模考-第一季,IPHONE,2,2
2019下半年国家教师资格考试综合素质（小学）模考-第三季,,18,2
2019下半年国家教师资格考试综合素质（小学）模考-第三季,ANDROID,12,1
2019下半年国家教师资格考试综合素质（小学）模考-第三季,BATCH,4,1
2019下半年国家教师资格考试综合素质（小学）模考-第三季,EDUCATION,2,1
2019下半年国家教师资格考试综合素质（小学）模考-第三季,IPHONE,10,5
2019下半年国家教师资格考试综合素质（小学）模考-第三季,PC,3,0
2019下半年国家教师资格考试综合素质（小学）模考-第二季,,47,8
2019下半年国家教师资格考试综合素质（小学）模考-第二季,ANDROID,74,9
2019下半年国家教师资格考试综合素质（小学）模考-第二季,ANDROID_IPAD,1,0
2019下半年国家教师资格考试综合素质（小学）模考-第二季,BATCH,12,3
2019下半年国家教师资格考试综合素质（小学）模考-第二季,EDUCATION,14,2
2019下半年国家教师资格考试综合素质（小学）模考-第二季,IPHONE,25,6
2019下半年国家教师资格考试综合素质（小学）模考-第二季,MOBILE,2,0
2019下半年国家教师资格考试综合素质（小学）模考-第二季,PC,13,2
2019下半年国家教师资格考试综合素质（小学）模考-第四季,,2,0
2019下半年国家教师资格考试综合素质（小学）模考-第四季,ANDROID,4,0
2019公安院校统一联考行政职业能力测试（12月卷）,,3,3
2019公安院校统一联考行政职业能力测试（12月卷）,IPHONE,2,2
2019公安院校统一联考行政职业能力测试（冲刺卷2）,EDUCATION,1,1
2019公安院校统一联考行政职业能力测试（冲刺卷2）,PC,14,14
2019公安院校统一联考行政职业能力测试（冲刺卷3）,,86,86
2019公安院校统一联考行政职业能力测试（冲刺卷3）,ANDROID,12,12
2019公安院校统一联考行政职业能力测试（冲刺卷3）,BATCH,7,7
2019公安院校统一联考行政职业能力测试（冲刺卷3）,EDUCATION,29,29
2019公安院校统一联考行政职业能力测试（冲刺卷3）,IPHONE,149,149
2019公安院校统一联考行政职业能力测试（冲刺卷3）,MOBILE,3,3
2019公安院校统一联考行政职业能力测试（冲刺卷3）,PC,70,70
2019公安院校统一联考行政职业能力测试（冲刺卷3）,WEI_XIN_APPLET,2,2
2019公安院校统一联考行政职业能力测试（冲刺卷）,,11,11
2019公安院校统一联考行政职业能力测试（冲刺卷）,ANDROID,4,4
2019公安院校统一联考行政职业能力测试（冲刺卷）,EDUCATION,6,6
2019公安院校统一联考行政职业能力测试（冲刺卷）,IPHONE,5,5
2019公安院校统一联考行政职业能力测试（冲刺卷）,PC,3,3
2019公安院校统一联考行政职业能力测试（十二月卷三）,,23,23
2019公安院校统一联考行政职业能力测试（十二月卷三）,ANDROID,6,6
2019公安院校统一联考行政职业能力测试（十二月卷三）,BATCH,2,2
2019公安院校统一联考行政职业能力测试（十二月卷三）,EDUCATION,15,15
2019公安院校统一联考行政职业能力测试（十二月卷三）,IPHONE,8,8
2019公安院校统一联考行政职业能力测试（十二月卷三）,PC,16,16
2019公安院校统一联考行政职业能力测试（十二月卷二）,,3,3
2019公安院校统一联考行政职业能力测试（十二月卷二）,ANDROID,2,2
2019公安院校统一联考行政职业能力测试（十二月卷二）,BATCH,1,1
2019公安院校统一联考行政职业能力测试（十二月卷二）,EDUCATION,11,11
2019公安院校统一联考行政职业能力测试（十二月卷二）,IPHONE,3,3
2019公安院校统一联考行政职业能力测试（十二月卷二）,PC,12,12
2019公安院校统一联考行政职业能力测试（十二月卷五）,,9,9
2019公安院校统一联考行政职业能力测试（十二月卷五）,ANDROID,1,1
2019公安院校统一联考行政职业能力测试（十二月卷五）,BATCH,1,1
2019公安院校统一联考行政职业能力测试（十二月卷五）,EDUCATION,8,8
2019公安院校统一联考行政职业能力测试（十二月卷五）,IPHONE,2,2
2019公安院校统一联考行政职业能力测试（十二月卷五）,PC,7,7
2019公安院校统一联考行政职业能力测试（十二月卷四）,,12,12
2019公安院校统一联考行政职业能力测试（十二月卷四）,ANDROID,4,4
2019公安院校统一联考行政职业能力测试（十二月卷四）,BATCH,4,4
2019公安院校统一联考行政职业能力测试（十二月卷四）,EDUCATION,15,15
2019公安院校统一联考行政职业能力测试（十二月卷四）,IPHONE,7,7
2019公安院校统一联考行政职业能力测试（十二月卷四）,PC,13,13
2019公安院校统一联考行政职业能力测试（十二月卷）,,141,141
2019公安院校统一联考行政职业能力测试（十二月卷）,ANDROID,10,10
2019公安院校统一联考行政职业能力测试（十二月卷）,BATCH,6,6
2019公安院校统一联考行政职业能力测试（十二月卷）,EDUCATION,66,66
2019公安院校统一联考行政职业能力测试（十二月卷）,IPHONE,355,355
2019公安院校统一联考行政职业能力测试（十二月卷）,MOBILE,24,24
2019公安院校统一联考行政职业能力测试（十二月卷）,PC,441,441
2019公安院校统一联考行政职业能力测试（十二月卷）,WEI_XIN_APPLET,6,6
2019北京公务员《行测》押题密卷（一）,,162,162
2019北京公务员《行测》押题密卷（一）,ANDROID,69,69
2019北京公务员《行测》押题密卷（一）,ANDROID_IPAD,1,1
2019北京公务员《行测》押题密卷（一）,BATCH,11,11
2019北京公务员《行测》押题密卷（一）,EDUCATION,35,35
2019北京公务员《行测》押题密卷（一）,IPHONE,42,42
2019北京公务员《行测》押题密卷（一）,MOBILE,4,4
2019北京公务员《行测》押题密卷（一）,PC,7,7
2019北京公务员《行测》押题密卷（二）,,120,120
2019北京公务员《行测》押题密卷（二）,ANDROID,54,54
2019北京公务员《行测》押题密卷（二）,BATCH,2,2
2019北京公务员《行测》押题密卷（二）,EDUCATION,23,23
2019北京公务员《行测》押题密卷（二）,IPHONE,24,24
2019北京公务员《行测》押题密卷（二）,MOBILE,5,5
2019北京公务员《行测》押题密卷（二）,PC,3,3
2019国考万人模考第七季-行测,,2590,2590
2019国考万人模考第七季-行测,ANDROID,389,389
2019国考万人模考第七季-行测,EDUCATION,133,133
2019国考万人模考第七季-行测,IPHONE,178,178
2019国考万人模考第七季-行测,PC,18,18
2019国考万人模考第六季-行测,,2519,2519
2019国考万人模考第六季-行测,ANDROID,325,325
2019国考万人模考第六季-行测,EDUCATION,148,148
2019国考万人模考第六季-行测,IPHONE,174,174
2019国考万人模考第六季-行测,PC,32,32
2019国考万人模考行测-第一季,,2942,2942
2019国考万人模考行测-第一季,ANDROID,370,370
2019国考万人模考行测-第一季,EDUCATION,85,85
2019国考万人模考行测-第一季,IPHONE,130,130
2019国考万人模考行测-第一季,PC,14,14
2019国考万人模考行测-第三季,,2063,2063
2019国考万人模考行测-第三季,ANDROID,265,265
2019国考万人模考行测-第三季,EDUCATION,93,93
2019国考万人模考行测-第三季,IPHONE,119,119
2019国考万人模考行测-第三季,PC,14,14
2019国考万人模考行测-第九季,,2213,2213
2019国考万人模考行测-第九季,ANDROID,390,390
2019国考万人模考行测-第九季,EDUCATION,100,100
2019国考万人模考行测-第九季,IPHONE,122,122
2019国考万人模考行测-第九季,PC,13,13
2019国考万人模考行测-第二十一季,,752,752
2019国考万人模考行测-第二十一季,ANDROID,280,280
2019国考万人模考行测-第二十一季,IPHONE,28,28
2019国考万人模考行测-第二十三季,,3317,3317
2019国考万人模考行测-第二十三季,ANDROID,1231,1231
2019国考万人模考行测-第二十三季,ANDROID_IPAD,5,5
2019国考万人模考行测-第二十三季,BATCH,229,229
2019国考万人模考行测-第二十三季,EDUCATION,524,524
2019国考万人模考行测-第二十三季,IPHONE,539,539
2019国考万人模考行测-第二十三季,IPHONE_IPAD,1,1
2019国考万人模考行测-第二十三季,MOBILE,34,34
2019国考万人模考行测-第二十三季,PC,130,130
2019国考万人模考行测-第二十三季,WEI_XIN_APPLET,4,4
2019国考万人模考行测-第二十二季,,1850,1850
2019国考万人模考行测-第二十二季,ANDROID,350,350
2019国考万人模考行测-第二十二季,EDUCATION,68,68
2019国考万人模考行测-第二十二季,IPHONE,88,88
2019国考万人模考行测-第二十二季,PC,4,4
2019国考万人模考行测-第二十四季（补考）,,2824,2824
2019国考万人模考行测-第二十四季（补考）,ANDROID,921,921
2019国考万人模考行测-第二十四季（补考）,ANDROID_IPAD,6,6
2019国考万人模考行测-第二十四季（补考）,BATCH,147,147
2019国考万人模考行测-第二十四季（补考）,EDUCATION,436,436
2019国考万人模考行测-第二十四季（补考）,IPHONE,428,428
2019国考万人模考行测-第二十四季（补考）,IPHONE_IPAD,1,1
2019国考万人模考行测-第二十四季（补考）,MOBILE,23,23
2019国考万人模考行测-第二十四季（补考）,PC,87,87
2019国考万人模考行测-第二十四季（补考）,WEI_XIN_APPLET,6,6
2019国考万人模考行测-第二十季,,3201,3201
2019国考万人模考行测-第二十季,ANDROID,1140,1140
2019国考万人模考行测-第二十季,ANDROID_IPAD,3,3
2019国考万人模考行测-第二十季,BATCH,264,264
2019国考万人模考行测-第二十季,EDUCATION,469,469
2019国考万人模考行测-第二十季,IPHONE,483,483
2019国考万人模考行测-第二十季,IPHONE_IPAD,1,1
2019国考万人模考行测-第二十季,MOBILE,29,29
2019国考万人模考行测-第二十季,PC,140,140
2019国考万人模考行测-第二十季,WEI_XIN_APPLET,4,4
2019国考万人模考行测-第二季,,2579,2579
2019国考万人模考行测-第二季,ANDROID,317,317
2019国考万人模考行测-第二季,EDUCATION,110,110
2019国考万人模考行测-第二季,IPHONE,173,173
2019国考万人模考行测-第二季,PC,18,18
2019国考万人模考行测-第五季,,2454,2454
2019国考万人模考行测-第五季,ANDROID,301,301
2019国考万人模考行测-第五季,EDUCATION,132,132
2019国考万人模考行测-第五季,IPHONE,153,153
2019国考万人模考行测-第五季,PC,20,20
2019国考万人模考行测-第八季,,3260,3260
2019国考万人模考行测-第八季,ANDROID,381,381
2019国考万人模考行测-第八季,EDUCATION,227,227
2019国考万人模考行测-第八季,IPHONE,268,268
2019国考万人模考行测-第八季,PC,39,39
2019国考万人模考行测-第十一季,,3710,3710
2019国考万人模考行测-第十一季,ANDROID,649,649
2019国考万人模考行测-第十一季,ANDROID_IPAD,3,3
2019国考万人模考行测-第十一季,BATCH,60,60
2019国考万人模考行测-第十一季,EDUCATION,378,378
2019国考万人模考行测-第十一季,IPHONE,383,383
2019国考万人模考行测-第十一季,IPHONE_IPAD,1,1
2019国考万人模考行测-第十一季,MOBILE,14,14
2019国考万人模考行测-第十一季,PC,86,86
2019国考万人模考行测-第十七季,,3844,3844
2019国考万人模考行测-第十七季,ANDROID,1135,1135
2019国考万人模考行测-第十七季,ANDROID_IPAD,6,6
2019国考万人模考行测-第十七季,BATCH,195,195
2019国考万人模考行测-第十七季,EDUCATION,636,636
2019国考万人模考行测-第十七季,IPHONE,692,692
2019国考万人模考行测-第十七季,IPHONE_IPAD,4,4
2019国考万人模考行测-第十七季,MOBILE,34,34
2019国考万人模考行测-第十七季,PC,161,161
2019国考万人模考行测-第十七季,WEI_XIN_APPLET,1,1
2019国考万人模考行测-第十三季,,1570,1570
2019国考万人模考行测-第十三季,ANDROID,392,392
2019国考万人模考行测-第十三季,IPHONE,40,40
2019国考万人模考行测-第十九季,,2686,2686
2019国考万人模考行测-第十九季,ANDROID,395,395
2019国考万人模考行测-第十九季,BATCH,21,21
2019国考万人模考行测-第十九季,EDUCATION,201,201
2019国考万人模考行测-第十九季,IPHONE,208,208
2019国考万人模考行测-第十九季,MOBILE,6,6
2019国考万人模考行测-第十九季,PC,32,32
2019国考万人模考行测-第十二季,,3447,3447
2019国考万人模考行测-第十二季,ANDROID,710,710
2019国考万人模考行测-第十二季,ANDROID_IPAD,3,3
2019国考万人模考行测-第十二季,BATCH,104,104
2019国考万人模考行测-第十二季,EDUCATION,373,373
2019国考万人模考行测-第十二季,IPHONE,412,412
2019国考万人模考行测-第十二季,MOBILE,19,19
2019国考万人模考行测-第十二季,PC,101,101
2019国考万人模考行测-第十五季,,1527,1527
2019国考万人模考行测-第十五季,ANDROID,339,339
2019国考万人模考行测-第十五季,IPHONE,40,40
2019国考万人模考行测-第十八季,,2562,2562
2019国考万人模考行测-第十八季,ANDROID,776,776
2019国考万人模考行测-第十八季,ANDROID_IPAD,3,3
2019国考万人模考行测-第十八季,BATCH,208,208
2019国考万人模考行测-第十八季,EDUCATION,404,404
2019国考万人模考行测-第十八季,IPHONE,381,381
2019国考万人模考行测-第十八季,IPHONE_IPAD,1,1
2019国考万人模考行测-第十八季,MOBILE,24,24
2019国考万人模考行测-第十八季,PC,104,104
2019国考万人模考行测-第十六季,,1860,1860
2019国考万人模考行测-第十六季,ANDROID,394,394
2019国考万人模考行测-第十六季,IPHONE,30,30
2019国考万人模考行测-第十四季,,2568,2568
2019国考万人模考行测-第十四季,ANDROID,467,467
2019国考万人模考行测-第十四季,EDUCATION,143,143
2019国考万人模考行测-第十四季,IPHONE,140,140
2019国考万人模考行测-第十四季,PC,14,14
2019国考万人模考行测-第十季,,4223,4223
2019国考万人模考行测-第十季,ANDROID,685,685
2019国考万人模考行测-第十季,ANDROID_IPAD,1,1
2019国考万人模考行测-第十季,BATCH,67,67
2019国考万人模考行测-第十季,EDUCATION,405,405
2019国考万人模考行测-第十季,IPHONE,433,433
2019国考万人模考行测-第十季,IPHONE_IPAD,1,1
2019国考万人模考行测-第十季,MOBILE,19,19
2019国考万人模考行测-第十季,PC,76,76
2019国考万人模考行测-第四季,,2119,2119
2019国考万人模考行测-第四季,ANDROID,299,299
2019国考万人模考行测-第四季,EDUCATION,75,75
2019国考万人模考行测-第四季,IPHONE,123,123
2019国考万人模考行测-第四季,PC,13,13
2019年上半年国家教师资格考试综合素质（小学）模考卷,,8,8
2019年上半年国家教师资格考试综合素质（小学）模考卷,ANDROID,12,12
2019年上半年国家教师资格考试综合素质（小学）模考卷,EDUCATION,1,1
2019年上半年国家教师资格考试综合素质（小学）模考卷,IPHONE,4,4
2019年上教师资格证教育知识与能力（中学）押题模考-第一季,,8,8
2019年上教师资格证综合素质（中学）押题模考-第一季,,5,5
2019年上教师资格证综合素质（中学）押题模考-第一季,ANDROID,3,3
2019年上教师资格证综合素质（中学）押题模考-第一季,BATCH,2,2
2019年上教师资格证综合素质（中学）押题模考-第一季,EDUCATION,3,3
2019年上教师资格证综合素质（中学）押题模考-第一季,IPHONE,2,2
2019年上教师资格证综合素质（中学）押题模考-第一季,MOBILE,1,1
2019年上教师资格证综合素质（中学）押题模考-第一季,PC,1,1
2019年下半年国家教师资格教育知识与能力（中学）模考-第三季,,6,0
2019年下半年国家教师资格教育知识与能力（中学）模考-第三季,ANDROID,3,0
2019年下半年国家教师资格教育知识与能力（中学）模考-第三季,BATCH,2,0
2019年下半年国家教师资格教育知识与能力（中学）模考-第三季,EDUCATION,1,0
2019年下半年国家教师资格教育知识与能力（中学）模考-第三季,IPHONE,2,0
2019年下半年国家教师资格教育知识与能力（中学）模考-第三季,PC,2,0
2019年下半年国家教师资格教育知识与能力（中学）模考-第二季,,21,3
2019年下半年国家教师资格教育知识与能力（中学）模考-第二季,ANDROID,17,0
2019年下半年国家教师资格教育知识与能力（中学）模考-第二季,BATCH,1,0
2019年下半年国家教师资格教育知识与能力（中学）模考-第二季,EDUCATION,4,1
2019年下半年国家教师资格教育知识与能力（中学）模考-第二季,IPHONE,9,0
2019年下半年国家教师资格教育知识与能力（中学）模考-第二季,PC,1,1
2019年下半年国家教师资格教育知识与能力（中学）模考-第四季,,1,0
2019年下半年国家教师资格教育知识与能力（中学）模考-第四季,ANDROID,3,0
2019年下半年国家教师资格教育知识与能力（中学）模考-第四季,IPHONE,1,0
2019年下国家教师资格考试教育教学知识与能力（小学）模考-第三季,,11,2
2019年下国家教师资格考试教育教学知识与能力（小学）模考-第三季,ANDROID,8,2
2019年下国家教师资格考试教育教学知识与能力（小学）模考-第三季,ANDROID_IPAD,1,0
2019年下国家教师资格考试教育教学知识与能力（小学）模考-第三季,BATCH,1,0
2019年下国家教师资格考试教育教学知识与能力（小学）模考-第三季,EDUCATION,4,0
2019年下国家教师资格考试教育教学知识与能力（小学）模考-第三季,IPHONE,6,1
2019年下国家教师资格考试教育教学知识与能力（小学）模考-第二季,,29,0
2019年下国家教师资格考试教育教学知识与能力（小学）模考-第二季,ANDROID,43,2
2019年下国家教师资格考试教育教学知识与能力（小学）模考-第二季,BATCH,7,0
2019年下国家教师资格考试教育教学知识与能力（小学）模考-第二季,EDUCATION,11,0
2019年下国家教师资格考试教育教学知识与能力（小学）模考-第二季,IPHONE,17,4
2019年下国家教师资格考试教育教学知识与能力（小学）模考-第二季,PC,2,0
2019年下国家教师资格考试教育教学知识与能力（小学）模考-第四季,,3,0
2019年下国家教师资格考试教育教学知识与能力（小学）模考-第四季,ANDROID,4,0
2019年下国家教师资格考试教育教学知识与能力（小学）模考-第四季,ANDROID_IPAD,1,0
2019年下国家教师资格考试综合素质（中学）模考-第三季,,6,0
2019年下国家教师资格考试综合素质（中学）模考-第三季,ANDROID,12,0
2019年下国家教师资格考试综合素质（中学）模考-第三季,BATCH,1,0
2019年下国家教师资格考试综合素质（中学）模考-第三季,EDUCATION,1,0
2019年下国家教师资格考试综合素质（中学）模考-第三季,IPHONE,4,1
2019年下国家教师资格考试综合素质（中学）模考-第三季,PC,1,1
2019年下国家教师资格考试综合素质（中学）模考-第二季,,36,8
2019年下国家教师资格考试综合素质（中学）模考-第二季,ANDROID,28,0
2019年下国家教师资格考试综合素质（中学）模考-第二季,BATCH,4,1
2019年下国家教师资格考试综合素质（中学）模考-第二季,EDUCATION,10,3
2019年下国家教师资格考试综合素质（中学）模考-第二季,IPHONE,15,1
2019年下国家教师资格考试综合素质（中学）模考-第二季,PC,3,0
2019年下国家教师资格考试综合素质（中学）模考-第四季,,2,0
2019年下国家教师资格考试综合素质（中学）模考-第四季,EDUCATION,1,0
2019年下国家教师资格考试综合素质（中学）模考-第四季,IPHONE,1,0
2019年事业单位公基万人模考第一季,,118,118
2019年事业单位公基万人模考第一季,ANDROID,41,41
2019年事业单位公基万人模考第一季,BATCH,2,2
2019年事业单位公基万人模考第一季,EDUCATION,28,28
2019年事业单位公基万人模考第一季,IPHONE,35,35
2019年事业单位公基万人模考第一季,MOBILE,1,1
2019年事业单位公基万人模考第一季,PC,6,6
2019年事业单位公基万人模考第一季,WEI_XIN_APPLET,1,1
2019年事业单位公基万人模考第七季,,265,265
2019年事业单位公基万人模考第七季,ANDROID,124,124
2019年事业单位公基万人模考第七季,ANDROID_IPAD,2,2
2019年事业单位公基万人模考第七季,BATCH,7,7
2019年事业单位公基万人模考第七季,EDUCATION,83,83
2019年事业单位公基万人模考第七季,IPHONE,53,53
2019年事业单位公基万人模考第七季,MOBILE,2,2
2019年事业单位公基万人模考第七季,PC,13,13
2019年事业单位公基万人模考第三季,,217,217
2019年事业单位公基万人模考第三季,ANDROID,82,82
2019年事业单位公基万人模考第三季,BATCH,7,7
2019年事业单位公基万人模考第三季,EDUCATION,26,26
2019年事业单位公基万人模考第三季,IPHONE,40,40
2019年事业单位公基万人模考第三季,IPHONE_IPAD,1,1
2019年事业单位公基万人模考第三季,MOBILE,2,2
2019年事业单位公基万人模考第三季,PC,7,7
2019年事业单位公基万人模考第三季,WEI_XIN_APPLET,1,1
2019年事业单位公基万人模考第九季,,1116,260
2019年事业单位公基万人模考第九季,ANDROID,1693,154
2019年事业单位公基万人模考第九季,ANDROID_IPAD,5,1
2019年事业单位公基万人模考第九季,BATCH,80,8
2019年事业单位公基万人模考第九季,EDUCATION,536,63
2019年事业单位公基万人模考第九季,IPHONE,598,61
2019年事业单位公基万人模考第九季,MOBILE,26,2
2019年事业单位公基万人模考第九季,PC,88,8
2019年事业单位公基万人模考第九季,WEI_XIN_APPLET,2,1
2019年事业单位公基万人模考第二季,,316,316
2019年事业单位公基万人模考第二季,ANDROID,100,100
2019年事业单位公基万人模考第二季,BATCH,8,8
2019年事业单位公基万人模考第二季,EDUCATION,52,52
2019年事业单位公基万人模考第二季,IPHONE,51,51
2019年事业单位公基万人模考第二季,IPHONE_IPAD,1,1
2019年事业单位公基万人模考第二季,MOBILE,6,6
2019年事业单位公基万人模考第二季,PC,14,14
2019年事业单位公基万人模考第二季,WEI_XIN_APPLET,1,1
2019年事业单位公基万人模考第五季,,302,302
2019年事业单位公基万人模考第五季,ANDROID,144,144
2019年事业单位公基万人模考第五季,BATCH,13,13
2019年事业单位公基万人模考第五季,EDUCATION,67,67
2019年事业单位公基万人模考第五季,IPHONE,61,61
2019年事业单位公基万人模考第五季,MOBILE,4,4
2019年事业单位公基万人模考第五季,PC,13,13
2019年事业单位公基万人模考第五季,WEI_XIN_APPLET,2,2
2019年事业单位公基万人模考第八季,,646,226
2019年事业单位公基万人模考第八季,ANDROID,622,128
2019年事业单位公基万人模考第八季,ANDROID_IPAD,3,0
2019年事业单位公基万人模考第八季,BATCH,37,14
2019年事业单位公基万人模考第八季,EDUCATION,211,64
2019年事业单位公基万人模考第八季,IPHONE,274,58
2019年事业单位公基万人模考第八季,MOBILE,15,3
2019年事业单位公基万人模考第八季,PC,41,12
2019年事业单位公基万人模考第八季,WEI_XIN_APPLET,3,1
2019年事业单位公基万人模考第六季,,291,291
2019年事业单位公基万人模考第六季,ANDROID,145,145
2019年事业单位公基万人模考第六季,BATCH,10,10
2019年事业单位公基万人模考第六季,EDUCATION,75,75
2019年事业单位公基万人模考第六季,IPHONE,65,65
2019年事业单位公基万人模考第六季,MOBILE,6,6
2019年事业单位公基万人模考第六季,PC,10,10
2019年事业单位公基万人模考第十一季,,1095,170
2019年事业单位公基万人模考第十一季,ANDROID,1022,91
2019年事业单位公基万人模考第十一季,ANDROID_IPAD,6,0
2019年事业单位公基万人模考第十一季,BATCH,52,10
2019年事业单位公基万人模考第十一季,EDUCATION,353,34
2019年事业单位公基万人模考第十一季,IPHONE,363,32
2019年事业单位公基万人模考第十一季,MOBILE,11,1
2019年事业单位公基万人模考第十一季,PC,43,5
2019年事业单位公基万人模考第十一季,WEI_XIN_APPLET,2,1
2019年事业单位公基万人模考第十三季,,69,3
2019年事业单位公基万人模考第十三季,ANDROID,67,2
2019年事业单位公基万人模考第十三季,ANDROID_IPAD,1,0
2019年事业单位公基万人模考第十三季,BATCH,6,0
2019年事业单位公基万人模考第十三季,EDUCATION,20,1
2019年事业单位公基万人模考第十三季,IPHONE,28,2
2019年事业单位公基万人模考第十三季,MOBILE,1,0
2019年事业单位公基万人模考第十三季,PC,5,1
2019年事业单位公基万人模考第十二季,,602,67
2019年事业单位公基万人模考第十二季,ANDROID,583,39
2019年事业单位公基万人模考第十二季,ANDROID_IPAD,2,0
2019年事业单位公基万人模考第十二季,BATCH,30,3
2019年事业单位公基万人模考第十二季,EDUCATION,204,19
2019年事业单位公基万人模考第十二季,IPHONE,227,12
2019年事业单位公基万人模考第十二季,MOBILE,8,2
2019年事业单位公基万人模考第十二季,PC,27,3
2019年事业单位公基万人模考第十二季,WEI_XIN_APPLET,2,1
2019年事业单位公基万人模考第十四季,,43,0
2019年事业单位公基万人模考第十四季,ANDROID,46,0
2019年事业单位公基万人模考第十四季,EDUCATION,18,0
2019年事业单位公基万人模考第十四季,IPHONE,19,0
2019年事业单位公基万人模考第十四季,MOBILE,1,0
2019年事业单位公基万人模考第十四季,PC,2,0
2019年事业单位公基万人模考第十季,,1058,0
2019年事业单位公基万人模考第十季,ANDROID,1007,0
2019年事业单位公基万人模考第十季,ANDROID_IPAD,8,0
2019年事业单位公基万人模考第十季,BATCH,32,0
2019年事业单位公基万人模考第十季,EDUCATION,336,0
2019年事业单位公基万人模考第十季,IPHONE,341,0
2019年事业单位公基万人模考第十季,IPHONE_IPAD,2,0
2019年事业单位公基万人模考第十季,MOBILE,6,0
2019年事业单位公基万人模考第十季,PC,25,0
2019年事业单位公基万人模考第十季,WEI_XIN_APPLET,1,0
2019年事业单位公基万人模考第四季,,250,250
2019年事业单位公基万人模考第四季,ANDROID,121,121
2019年事业单位公基万人模考第四季,BATCH,10,10
2019年事业单位公基万人模考第四季,EDUCATION,52,52
2019年事业单位公基万人模考第四季,IPHONE,52,52
2019年事业单位公基万人模考第四季,MOBILE,7,7
2019年事业单位公基万人模考第四季,PC,10,10
2019年事业单位公基万人模考第四季,WEI_XIN_APPLET,1,1
2019年公务员联考终极预测模考大赛（第一套）,,4757,2998
2019年公务员联考终极预测模考大赛（第一套）,ANDROID,3191,2065
2019年公务员联考终极预测模考大赛（第一套）,ANDROID_IPAD,32,24
2019年公务员联考终极预测模考大赛（第一套）,BATCH,213,137
2019年公务员联考终极预测模考大赛（第一套）,EDUCATION,1321,873
2019年公务员联考终极预测模考大赛（第一套）,IPHONE,1150,698
2019年公务员联考终极预测模考大赛（第一套）,IPHONE_IPAD,3,2
2019年公务员联考终极预测模考大赛（第一套）,MOBILE,45,28
2019年公务员联考终极预测模考大赛（第一套）,PC,176,134
2019年公务员联考终极预测模考大赛（第一套）,WEI_XIN_APPLET,16,8
2019年公务员联考终极预测模考大赛（第三套）,,4683,1952
2019年公务员联考终极预测模考大赛（第三套）,ANDROID,3299,1400
2019年公务员联考终极预测模考大赛（第三套）,ANDROID_IPAD,27,14
2019年公务员联考终极预测模考大赛（第三套）,BATCH,208,78
2019年公务员联考终极预测模考大赛（第三套）,EDUCATION,1333,597
2019年公务员联考终极预测模考大赛（第三套）,IPHONE,1112,477
2019年公务员联考终极预测模考大赛（第三套）,IPHONE_IPAD,3,1
2019年公务员联考终极预测模考大赛（第三套）,MOBILE,47,17
2019年公务员联考终极预测模考大赛（第三套）,PC,257,116
2019年公务员联考终极预测模考大赛（第三套）,WEI_XIN_APPLET,16,5
2019年公务员联考终极预测模考大赛（第二套）,,3971,1943
2019年公务员联考终极预测模考大赛（第二套）,ANDROID,2080,746
2019年公务员联考终极预测模考大赛（第二套）,ANDROID_IPAD,15,1
2019年公务员联考终极预测模考大赛（第二套）,BATCH,132,40
2019年公务员联考终极预测模考大赛（第二套）,EDUCATION,731,208
2019年公务员联考终极预测模考大赛（第二套）,IPHONE,643,164
2019年公务员联考终极预测模考大赛（第二套）,IPHONE_IPAD,2,1
2019年公务员联考终极预测模考大赛（第二套）,MOBILE,26,8
2019年公务员联考终极预测模考大赛（第二套）,PC,103,37
2019年公务员联考终极预测模考大赛（第二套）,WEI_XIN_APPLET,8,3
2019年公安院校联考行测模拟考试（重庆用）,,14,14
2019年公安院校联考行测模拟考试（重庆用）,ANDROID,4,4
2019年公安院校联考行测模拟考试（重庆用）,BATCH,1,1
2019年公安院校联考行测模拟考试（重庆用）,EDUCATION,39,39
2019年公安院校联考行测模拟考试（重庆用）,IPHONE,4,4
2019年公安院校联考行测模拟考试（重庆用）,PC,8,8
2019年军队文职专业考试模考大赛-中医,,30,3
2019年军队文职专业考试模考大赛-中医,ANDROID,20,0
2019年军队文职专业考试模考大赛-中医,BATCH,1,0
2019年军队文职专业考试模考大赛-中医,EDUCATION,10,0
2019年军队文职专业考试模考大赛-中医,IPHONE,11,0
2019年军队文职专业考试模考大赛-中医,MOBILE,1,0
2019年军队文职专业考试模考大赛-中医,PC,1,0
2019年军队文职专业考试模考大赛-临床岗,,26,3
2019年军队文职专业考试模考大赛-临床岗,ANDROID,19,0
2019年军队文职专业考试模考大赛-临床岗,BATCH,1,1
2019年军队文职专业考试模考大赛-临床岗,EDUCATION,6,0
2019年军队文职专业考试模考大赛-临床岗,IPHONE,7,0
2019年军队文职专业考试模考大赛-临床岗,MOBILE,1,0
2019年军队文职专业考试模考大赛-护理岗,,69,4
2019年军队文职专业考试模考大赛-护理岗,ANDROID,54,4
2019年军队文职专业考试模考大赛-护理岗,ANDROID_IPAD,1,0
2019年军队文职专业考试模考大赛-护理岗,BATCH,2,0
2019年军队文职专业考试模考大赛-护理岗,EDUCATION,17,1
2019年军队文职专业考试模考大赛-护理岗,IPHONE,16,2
2019年军队文职专业考试模考大赛-护理岗,WEI_XIN_APPLET,1,0
2019年军队文职专业考试模考大赛-检验岗,,32,2
2019年军队文职专业考试模考大赛-检验岗,ANDROID,27,0
2019年军队文职专业考试模考大赛-检验岗,BATCH,1,0
2019年军队文职专业考试模考大赛-检验岗,EDUCATION,7,0
2019年军队文职专业考试模考大赛-检验岗,IPHONE,5,0
2019年军队文职专业考试模考大赛-检验岗,MOBILE,1,1
2019年军队文职专业考试模考大赛-检验岗,WEI_XIN_APPLET,1,0
2019年军队文职专业考试模考大赛-西药科目,,28,3
2019年军队文职专业考试模考大赛-西药科目,ANDROID,16,0
2019年军队文职专业考试模考大赛-西药科目,EDUCATION,2,0
2019年军队文职专业考试模考大赛-西药科目,IPHONE,6,0
2019年军队文职公共科目考试模考大赛第三季,,309,60
2019年军队文职公共科目考试模考大赛第三季,ANDROID,229,47
2019年军队文职公共科目考试模考大赛第三季,ANDROID_IPAD,1,0
2019年军队文职公共科目考试模考大赛第三季,BATCH,21,9
2019年军队文职公共科目考试模考大赛第三季,EDUCATION,83,19
2019年军队文职公共科目考试模考大赛第三季,IPHONE,98,19
2019年军队文职公共科目考试模考大赛第三季,MOBILE,7,3
2019年军队文职公共科目考试模考大赛第三季,PC,21,7
2019年军队文职公共科目考试模考大赛第三季,WEI_XIN_APPLET,2,0
2019年军队文职公共科目考试模考大赛第四季,,239,36
2019年军队文职公共科目考试模考大赛第四季,ANDROID,191,26
2019年军队文职公共科目考试模考大赛第四季,ANDROID_IPAD,1,0
2019年军队文职公共科目考试模考大赛第四季,BATCH,14,3
2019年军队文职公共科目考试模考大赛第四季,EDUCATION,83,14
2019年军队文职公共科目考试模考大赛第四季,IPHONE,68,9
2019年军队文职公共科目考试模考大赛第四季,MOBILE,7,2
2019年军队文职公共科目考试模考大赛第四季,PC,14,2
2019年军队文职公共科目考试模考大赛第四季,WEI_XIN_APPLET,1,0
2019年教师招聘教育综合知识模考大赛-第一季,,56,56
2019年教师招聘教育综合知识模考大赛-第一季,ANDROID,40,40
2019年教师招聘教育综合知识模考大赛-第一季,BATCH,4,4
2019年教师招聘教育综合知识模考大赛-第一季,EDUCATION,21,21
2019年教师招聘教育综合知识模考大赛-第一季,IPHONE,23,23
2019年教师招聘教育综合知识模考大赛-第一季,PC,3,3
2019年教师招聘教育综合知识模考大赛-第七季,,460,0
2019年教师招聘教育综合知识模考大赛-第七季,ANDROID,543,0
2019年教师招聘教育综合知识模考大赛-第七季,ANDROID_IPAD,2,0
2019年教师招聘教育综合知识模考大赛-第七季,BATCH,50,0
2019年教师招聘教育综合知识模考大赛-第七季,EDUCATION,260,0
2019年教师招聘教育综合知识模考大赛-第七季,IPHONE,183,0
2019年教师招聘教育综合知识模考大赛-第七季,MOBILE,12,0
2019年教师招聘教育综合知识模考大赛-第七季,PC,12,0
2019年教师招聘教育综合知识模考大赛-第三季,,133,133
2019年教师招聘教育综合知识模考大赛-第三季,ANDROID,81,81
2019年教师招聘教育综合知识模考大赛-第三季,BATCH,23,23
2019年教师招聘教育综合知识模考大赛-第三季,EDUCATION,87,87
2019年教师招聘教育综合知识模考大赛-第三季,IPHONE,58,58
2019年教师招聘教育综合知识模考大赛-第三季,MOBILE,9,9
2019年教师招聘教育综合知识模考大赛-第三季,PC,6,6
2019年教师招聘教育综合知识模考大赛-第九季,,70,12
2019年教师招聘教育综合知识模考大赛-第九季,ANDROID,85,7
2019年教师招聘教育综合知识模考大赛-第九季,BATCH,12,1
2019年教师招聘教育综合知识模考大赛-第九季,EDUCATION,44,6
2019年教师招聘教育综合知识模考大赛-第九季,IPHONE,16,1
2019年教师招聘教育综合知识模考大赛-第九季,MOBILE,1,1
2019年教师招聘教育综合知识模考大赛-第九季,PC,2,0
2019年教师招聘教育综合知识模考大赛-第二季,,109,109
2019年教师招聘教育综合知识模考大赛-第二季,ANDROID,44,44
2019年教师招聘教育综合知识模考大赛-第二季,BATCH,9,9
2019年教师招聘教育综合知识模考大赛-第二季,EDUCATION,53,53
2019年教师招聘教育综合知识模考大赛-第二季,IPHONE,34,34
2019年教师招聘教育综合知识模考大赛-第二季,MOBILE,1,1
2019年教师招聘教育综合知识模考大赛-第二季,PC,4,4
2019年教师招聘教育综合知识模考大赛-第五季,,536,204
2019年教师招聘教育综合知识模考大赛-第五季,ANDROID,565,204
2019年教师招聘教育综合知识模考大赛-第五季,ANDROID_IPAD,1,1
2019年教师招聘教育综合知识模考大赛-第五季,BATCH,81,32
2019年教师招聘教育综合知识模考大赛-第五季,EDUCATION,293,112
2019年教师招聘教育综合知识模考大赛-第五季,IPHONE,289,126
2019年教师招聘教育综合知识模考大赛-第五季,MOBILE,20,3
2019年教师招聘教育综合知识模考大赛-第五季,PC,21,6
2019年教师招聘教育综合知识模考大赛-第五季,WEI_XIN_APPLET,2,1
2019年教师招聘教育综合知识模考大赛-第八季,,450,112
2019年教师招聘教育综合知识模考大赛-第八季,ANDROID,578,81
2019年教师招聘教育综合知识模考大赛-第八季,ANDROID_IPAD,2,1
2019年教师招聘教育综合知识模考大赛-第八季,BATCH,66,10
2019年教师招聘教育综合知识模考大赛-第八季,EDUCATION,290,68
2019年教师招聘教育综合知识模考大赛-第八季,IPHONE,184,47
2019年教师招聘教育综合知识模考大赛-第八季,MOBILE,9,1
2019年教师招聘教育综合知识模考大赛-第八季,PC,21,1
2019年教师招聘教育综合知识模考大赛-第八季,WEI_XIN_APPLET,1,0
2019年教师招聘教育综合知识模考大赛-第六季,,314,40
2019年教师招聘教育综合知识模考大赛-第六季,ANDROID,420,61
2019年教师招聘教育综合知识模考大赛-第六季,ANDROID_IPAD,1,0
2019年教师招聘教育综合知识模考大赛-第六季,BATCH,44,7
2019年教师招聘教育综合知识模考大赛-第六季,EDUCATION,195,22
2019年教师招聘教育综合知识模考大赛-第六季,IPHONE,170,32
2019年教师招聘教育综合知识模考大赛-第六季,MOBILE,8,2
2019年教师招聘教育综合知识模考大赛-第六季,PC,12,3
2019年教师招聘教育综合知识模考大赛-第十一季,,12,0
2019年教师招聘教育综合知识模考大赛-第十一季,ANDROID,14,0
2019年教师招聘教育综合知识模考大赛-第十一季,BATCH,2,0
2019年教师招聘教育综合知识模考大赛-第十一季,EDUCATION,5,0
2019年教师招聘教育综合知识模考大赛-第十一季,IPHONE,2,0
2019年教师招聘教育综合知识模考大赛-第十一季,PC,1,0
2019年教师招聘教育综合知识模考大赛-第十季,,6,1
2019年教师招聘教育综合知识模考大赛-第十季,ANDROID,15,1
2019年教师招聘教育综合知识模考大赛-第十季,BATCH,1,0
2019年教师招聘教育综合知识模考大赛-第十季,EDUCATION,13,3
2019年教师招聘教育综合知识模考大赛-第十季,IPHONE,4,0
2019年教师招聘教育综合知识模考大赛-第四季,,50,50
2019年教师招聘教育综合知识模考大赛-第四季,ANDROID,39,39
2019年教师招聘教育综合知识模考大赛-第四季,BATCH,7,7
2019年教师招聘教育综合知识模考大赛-第四季,EDUCATION,38,38
2019年教师招聘教育综合知识模考大赛-第四季,IPHONE,28,28
2019年教师招聘教育综合知识模考大赛-第四季,MOBILE,2,2
2019年教师招聘教育综合知识模考大赛-第四季,PC,1,1
2019浙江省考万人模考-第一季（行测＋申论）,,258,258
2019浙江省考万人模考-第一季（行测＋申论）,ANDROID,93,93
2019浙江省考万人模考-第一季（行测＋申论）,ANDROID_IPAD,1,1
2019浙江省考万人模考-第一季（行测＋申论）,BATCH,5,5
2019浙江省考万人模考-第一季（行测＋申论）,EDUCATION,42,42
2019浙江省考万人模考-第一季（行测＋申论）,IPHONE,41,41
2019浙江省考万人模考-第一季（行测＋申论）,MOBILE,3,3
2019浙江省考万人模考-第一季（行测＋申论）,PC,7,7
2019浙江省考万人模考-第三季（行测＋申论）,,271,271
2019浙江省考万人模考-第三季（行测＋申论）,ANDROID,107,107
2019浙江省考万人模考-第三季（行测＋申论）,ANDROID_IPAD,2,2
2019浙江省考万人模考-第三季（行测＋申论）,BATCH,31,31
2019浙江省考万人模考-第三季（行测＋申论）,EDUCATION,78,78
2019浙江省考万人模考-第三季（行测＋申论）,IPHONE,65,65
2019浙江省考万人模考-第三季（行测＋申论）,MOBILE,2,2
2019浙江省考万人模考-第三季（行测＋申论）,PC,8,8
2019浙江省考万人模考-第三季（行测＋申论）,WEI_XIN_APPLET,1,1
2019浙江省考万人模考-第二季（行测＋申论）,,248,248
2019浙江省考万人模考-第二季（行测＋申论）,ANDROID,75,75
2019浙江省考万人模考-第二季（行测＋申论）,ANDROID_IPAD,2,2
2019浙江省考万人模考-第二季（行测＋申论）,BATCH,13,13
2019浙江省考万人模考-第二季（行测＋申论）,EDUCATION,58,58
2019浙江省考万人模考-第二季（行测＋申论）,IPHONE,30,30
2019浙江省考万人模考-第二季（行测＋申论）,MOBILE,1,1
2019浙江省考万人模考-第二季（行测＋申论）,PC,6,6
2019浙江省考万人模考-第四季（行测＋申论）,,1575,266
2019浙江省考万人模考-第四季（行测＋申论）,ANDROID,1068,166
2019浙江省考万人模考-第四季（行测＋申论）,ANDROID_IPAD,9,0
2019浙江省考万人模考-第四季（行测＋申论）,BATCH,69,14
2019浙江省考万人模考-第四季（行测＋申论）,EDUCATION,375,71
2019浙江省考万人模考-第四季（行测＋申论）,IPHONE,374,86
2019浙江省考万人模考-第四季（行测＋申论）,MOBILE,19,5
2019浙江省考万人模考-第四季（行测＋申论）,PC,60,9
2019浙江省考万人模考-第四季（行测＋申论）,WEI_XIN_APPLET,2,1
2019省考万人模考行测-第七季,,1233,1233
2019省考万人模考行测-第七季,ANDROID,296,296
2019省考万人模考行测-第七季,EDUCATION,32,32
2019省考万人模考行测-第七季,IPHONE,57,57
2019省考万人模考行测-第七季,PC,4,4
2019省考万人模考行测-第九季,,2308,2308
2019省考万人模考行测-第九季,ANDROID,797,797
2019省考万人模考行测-第九季,ANDROID_IPAD,1,1
2019省考万人模考行测-第九季,BATCH,80,80
2019省考万人模考行测-第九季,EDUCATION,416,416
2019省考万人模考行测-第九季,IPHONE,438,438
2019省考万人模考行测-第九季,IPHONE_IPAD,2,2
2019省考万人模考行测-第九季,MOBILE,21,21
2019省考万人模考行测-第九季,PC,68,68
2019省考万人模考行测-第九季,WEI_XIN_APPLET,12,12
2019省考万人模考行测-第二十一季,,2337,0
2019省考万人模考行测-第二十一季,ANDROID,1866,0
2019省考万人模考行测-第二十一季,ANDROID_IPAD,5,0
2019省考万人模考行测-第二十一季,BATCH,102,0
2019省考万人模考行测-第二十一季,EDUCATION,623,0
2019省考万人模考行测-第二十一季,IPHONE,550,0
2019省考万人模考行测-第二十一季,IPHONE_IPAD,1,0
2019省考万人模考行测-第二十一季,MOBILE,22,0
2019省考万人模考行测-第二十一季,PC,132,0
2019省考万人模考行测-第二十一季,WEI_XIN_APPLET,2,0
2019省考万人模考行测-第二十三季（终极模考）,,3227,17
2019省考万人模考行测-第二十三季（终极模考）,ANDROID,2261,32
2019省考万人模考行测-第二十三季（终极模考）,ANDROID_IPAD,9,0
2019省考万人模考行测-第二十三季（终极模考）,BATCH,170,0
2019省考万人模考行测-第二十三季（终极模考）,EDUCATION,825,0
2019省考万人模考行测-第二十三季（终极模考）,IPHONE,712,2
2019省考万人模考行测-第二十三季（终极模考）,IPHONE_IPAD,2,0
2019省考万人模考行测-第二十三季（终极模考）,MOBILE,39,0
2019省考万人模考行测-第二十三季（终极模考）,PC,147,0
2019省考万人模考行测-第二十三季（终极模考）,WEI_XIN_APPLET,12,0
2019省考万人模考行测-第二十二季,,2762,0
2019省考万人模考行测-第二十二季,ANDROID,2203,0
2019省考万人模考行测-第二十二季,ANDROID_IPAD,7,0
2019省考万人模考行测-第二十二季,BATCH,128,0
2019省考万人模考行测-第二十二季,EDUCATION,806,0
2019省考万人模考行测-第二十二季,IPHONE,710,0
2019省考万人模考行测-第二十二季,IPHONE_IPAD,2,0
2019省考万人模考行测-第二十二季,MOBILE,29,0
2019省考万人模考行测-第二十二季,PC,176,0
2019省考万人模考行测-第二十二季,WEI_XIN_APPLET,4,0
2019省考万人模考行测-第五季,,1500,1500
2019省考万人模考行测-第五季,ANDROID,493,493
2019省考万人模考行测-第五季,ANDROID_IPAD,5,5
2019省考万人模考行测-第五季,BATCH,40,40
2019省考万人模考行测-第五季,EDUCATION,229,229
2019省考万人模考行测-第五季,IPHONE,286,286
2019省考万人模考行测-第五季,MOBILE,16,16
2019省考万人模考行测-第五季,PC,46,46
2019省考万人模考行测-第五季,WEI_XIN_APPLET,6,6
2019省考万人模考行测-第八季,,1639,1639
2019省考万人模考行测-第八季,ANDROID,513,513
2019省考万人模考行测-第八季,ANDROID_IPAD,3,3
2019省考万人模考行测-第八季,BATCH,49,49
2019省考万人模考行测-第八季,EDUCATION,272,272
2019省考万人模考行测-第八季,IPHONE,258,258
2019省考万人模考行测-第八季,IPHONE_IPAD,1,1
2019省考万人模考行测-第八季,MOBILE,16,16
2019省考万人模考行测-第八季,PC,49,49
2019省考万人模考行测-第八季,WEI_XIN_APPLET,10,10
2019省考万人模考行测-第六季,,1934,1934
2019省考万人模考行测-第六季,ANDROID,603,603
2019省考万人模考行测-第六季,ANDROID_IPAD,5,5
2019省考万人模考行测-第六季,BATCH,55,55
2019省考万人模考行测-第六季,EDUCATION,290,290
2019省考万人模考行测-第六季,IPHONE,363,363
2019省考万人模考行测-第六季,MOBILE,17,17
2019省考万人模考行测-第六季,PC,63,63
2019省考万人模考行测-第六季,WEI_XIN_APPLET,5,5
2019省考万人模考行测-第十一季,,1931,1931
2019省考万人模考行测-第十一季,ANDROID,615,615
2019省考万人模考行测-第十一季,ANDROID_IPAD,4,4
2019省考万人模考行测-第十一季,BATCH,58,58
2019省考万人模考行测-第十一季,EDUCATION,233,233
2019省考万人模考行测-第十一季,IPHONE,227,227
2019省考万人模考行测-第十一季,MOBILE,10,10
2019省考万人模考行测-第十一季,PC,35,35
2019省考万人模考行测-第十一季,WEI_XIN_APPLET,9,9
2019省考万人模考行测-第十七季,,7776,4367
2019省考万人模考行测-第十七季,ANDROID,4169,2046
2019省考万人模考行测-第十七季,ANDROID_IPAD,20,10
2019省考万人模考行测-第十七季,BATCH,324,175
2019省考万人模考行测-第十七季,EDUCATION,1618,879
2019省考万人模考行测-第十七季,IPHONE,1779,916
2019省考万人模考行测-第十七季,IPHONE_IPAD,2,1
2019省考万人模考行测-第十七季,MOBILE,77,45
2019省考万人模考行测-第十七季,PC,343,167
2019省考万人模考行测-第十七季,WEI_XIN_APPLET,21,16
2019省考万人模考行测-第十三季,,1407,1407
2019省考万人模考行测-第十三季,ANDROID,520,520
2019省考万人模考行测-第十三季,ANDROID_IPAD,2,2
2019省考万人模考行测-第十三季,BATCH,55,55
2019省考万人模考行测-第十三季,EDUCATION,269,269
2019省考万人模考行测-第十三季,IPHONE,279,279
2019省考万人模考行测-第十三季,MOBILE,11,11
2019省考万人模考行测-第十三季,PC,48,48
2019省考万人模考行测-第十三季,WEI_XIN_APPLET,6,6
2019省考万人模考行测-第十二季,,2057,2057
2019省考万人模考行测-第十二季,ANDROID,616,616
2019省考万人模考行测-第十二季,ANDROID_IPAD,1,1
2019省考万人模考行测-第十二季,BATCH,50,50
2019省考万人模考行测-第十二季,EDUCATION,271,271
2019省考万人模考行测-第十二季,IPHONE,271,271
2019省考万人模考行测-第十二季,MOBILE,11,11
2019省考万人模考行测-第十二季,PC,46,46
2019省考万人模考行测-第十二季,WEI_XIN_APPLET,6,6
2019省考万人模考行测-第十五季,,3106,3106
2019省考万人模考行测-第十五季,ANDROID,1291,1291
2019省考万人模考行测-第十五季,ANDROID_IPAD,7,7
2019省考万人模考行测-第十五季,BATCH,139,139
2019省考万人模考行测-第十五季,EDUCATION,578,578
2019省考万人模考行测-第十五季,IPHONE,661,661
2019省考万人模考行测-第十五季,MOBILE,33,33
2019省考万人模考行测-第十五季,PC,110,110
2019省考万人模考行测-第十五季,WEI_XIN_APPLET,10,10
2019省考万人模考行测-第十六季,,303,303
2019省考万人模考行测-第十六季,ANDROID,352,352
2019省考万人模考行测-第十六季,IPHONE,48,48
2019省考万人模考行测-第十四季,,2614,2614
2019省考万人模考行测-第十四季,ANDROID,958,958
2019省考万人模考行测-第十四季,ANDROID_IPAD,5,5
2019省考万人模考行测-第十四季,BATCH,96,96
2019省考万人模考行测-第十四季,EDUCATION,458,458
2019省考万人模考行测-第十四季,IPHONE,492,492
2019省考万人模考行测-第十四季,MOBILE,23,23
2019省考万人模考行测-第十四季,PC,89,89
2019省考万人模考行测-第十四季,WEI_XIN_APPLET,9,9
2019省考万人模考行测-第十季,,2422,2422
2019省考万人模考行测-第十季,ANDROID,789,789
2019省考万人模考行测-第十季,ANDROID_IPAD,1,1
2019省考万人模考行测-第十季,BATCH,84,84
2019省考万人模考行测-第十季,EDUCATION,405,405
2019省考万人模考行测-第十季,IPHONE,428,428
2019省考万人模考行测-第十季,IPHONE_IPAD,2,2
2019省考万人模考行测-第十季,MOBILE,24,24
2019省考万人模考行测-第十季,PC,62,62
2019省考万人模考行测-第十季,WEI_XIN_APPLET,6,6
2019省考万人模考行测-第四季,,716,716
2019省考万人模考行测-第四季,ANDROID,174,174
2019省考万人模考行测-第四季,EDUCATION,17,17
2019省考万人模考行测-第四季,IPHONE,39,39
2019省考万人模考行测-第四季,PC,4,4
2019警校统一联考模考大赛（12月第一场第2次）,,8,8
2019警校统一联考模考大赛（12月第一场第2次）,ANDROID,2,2
2019警校统一联考模考大赛（12月第一场第2次）,BATCH,1,1
2019警校统一联考模考大赛（12月第一场第2次）,EDUCATION,9,9
2019警校统一联考模考大赛（12月第一场第2次）,IPHONE,6,6
2019警校统一联考模考大赛（12月第一场第2次）,PC,7,7
2019警校统一联考模考大赛（12月第二场第1次）,,25,25
2019警校统一联考模考大赛（12月第二场第1次）,ANDROID,5,5
2019警校统一联考模考大赛（12月第二场第1次）,BATCH,2,2
2019警校统一联考模考大赛（12月第二场第1次）,EDUCATION,13,13
2019警校统一联考模考大赛（12月第二场第1次）,IPHONE,4,4
2019警校统一联考模考大赛（12月第二场第1次）,PC,11,11
2019警校统一联考模考大赛（12月第二场第2次）,,14,14
2019警校统一联考模考大赛（12月第二场第2次）,ANDROID,4,4
2019警校统一联考模考大赛（12月第二场第2次）,BATCH,2,2
2019警校统一联考模考大赛（12月第二场第2次）,EDUCATION,10,10
2019警校统一联考模考大赛（12月第二场第2次）,IPHONE,12,12
2019警校统一联考模考大赛（12月第二场第2次）,PC,9,9
2019警校统一联考模考大赛（12月第二场第3次）,,6,6
2019警校统一联考模考大赛（12月第二场第3次）,ANDROID,2,2
2019警校统一联考模考大赛（12月第二场第3次）,BATCH,1,1
2019警校统一联考模考大赛（12月第二场第3次）,EDUCATION,13,13
2019警校统一联考模考大赛（12月第二场第3次）,IPHONE,12,12
2019警校统一联考模考大赛（12月第二场第3次）,PC,4,4
2019警校统一联考行测模拟试题3,ANDROID,1,1
2019警校统一联考行测模拟试题（第一期）,,43,43
2019警校统一联考行测模拟试题（第一期）,ANDROID,3,3
2019警校统一联考行测模拟试题（第一期）,BATCH,7,7
2019警校统一联考行测模拟试题（第一期）,EDUCATION,9,9
2019警校统一联考行测模拟试题（第一期）,IPHONE,206,206
2019警校统一联考行测模拟试题（第一期）,PC,9,9
2019警校统一联考行测模拟试题（第二期）,,25,25
2019警校统一联考行测模拟试题（第二期）,ANDROID,1,1
2019警校统一联考行测模拟试题（第二期）,BATCH,9,9
2019警校统一联考行测模拟试题（第二期）,EDUCATION,2,2
2019警校统一联考行测模拟试题（第二期）,IPHONE,4,4
2019警校统一联考行测模拟试题（第二期）,MOBILE,2,2
2019警校统一联考行测模拟试题（第二期）,PC,13,13
2019警校统一联考行测模拟试题（第二期）【补考】,,8,8
2019警校统一联考行测模拟试题（第二期）【补考】,EDUCATION,5,5
2019警校统一联考行测模拟试题（第二期）【补考】,PC,3,3
2019警校统一联考行测模考大赛（11月卷）,,29,29
2019警校统一联考行测模考大赛（11月卷）,ANDROID,1,1
2019警校统一联考行测模考大赛（11月卷）,BATCH,3,3
2019警校统一联考行测模考大赛（11月卷）,EDUCATION,13,13
2019警校统一联考行测模考大赛（11月卷）,IPHONE,232,232
2019警校统一联考行测模考大赛（11月卷）,PC,3,3
2019警校统一联考行测模考大赛（浙江分校专属）,,21,21
2019警校统一联考行测模考大赛（浙江分校专属）,ANDROID,1,1
2019警校统一联考行测模考大赛（浙江分校专属）,BATCH,2,2
2019警校统一联考行测模考大赛（浙江分校专属）,EDUCATION,8,8
2019警校统一联考行测模考大赛（浙江分校专属）,IPHONE,170,170
2019警校统一联考（12月卷测试用）,,1,1
2019警校统一联考（12月第1次）,,45,45
2019警校统一联考（12月第1次）,ANDROID,3,3
2019警校统一联考（12月第1次）,ANDROID_IPAD,1,1
2019警校统一联考（12月第1次）,BATCH,4,4
2019警校统一联考（12月第1次）,EDUCATION,17,17
2019警校统一联考（12月第1次）,IPHONE,294,294
2019警校统一联考（12月第1次）,PC,14,14
2019警校统一联考（十一月用）,,16,16
2019警校统一联考（十一月用）,ANDROID,2,2
2019警校统一联考（十一月用）,EDUCATION,1,1
2019警校统一联考（十一月用）,IPHONE,3,3
2019警校统一联考（十一月用）,PC,1,1
2019警校统一联考（浙江分校十一月用）,,76,76
2019警校统一联考（浙江分校十一月用）,ANDROID,21,21
2019警校统一联考（浙江分校十一月用）,EDUCATION,7,7
2019警校统一联考（浙江分校十一月用）,IPHONE,9,9
2019警校统一联考（浙江分校十一月用）,MOBILE,1,1
2019警校统一联考（浙江分校十一月用）,PC,6,6
2019警校统一联考（浙江分校十一月用）,WEI_XIN_APPLET,1,1
2019警校统一联考（浙江分校十一月用）（1130-内部测试专用）,,71,71
2019警校统一联考（浙江分校十一月用）（1130-内部测试专用）,ANDROID,19,19
2019警校统一联考（浙江分校十一月用）（1130-内部测试专用）,BATCH,2,2
2019警校统一联考（浙江分校十一月用）（1130-内部测试专用）,EDUCATION,4,4
2019警校统一联考（浙江分校十一月用）（1130-内部测试专用）,IPHONE,10,10
2019警校统一联考（浙江分校十一月用）（1130-内部测试专用）,MOBILE,1,1
2019警校统一联考（浙江分校十一月用）（1130-内部测试专用）,PC,7,7
2019警校统一联考（浙江分校十一月用）（1130-内部测试专用）,WEI_XIN_APPLET,4,4
2019警校统一联考（浙江分校十一月用）（技术内部测试专用）,,30,30
2019警校统一联考（浙江分校十一月用）（技术内部测试专用）,ANDROID,3,3
2019警校统一联考（浙江分校十一月用）（技术内部测试专用）,EDUCATION,2,2
2019警校统一联考（浙江分校十一月用）（技术内部测试专用）,IPHONE,7,7
2019警校统一联考（浙江分校十一月用）（技术内部测试专用）,MOBILE,1,1
2019警校统一联考（浙江分校十一月用）（技术内部测试专用）,PC,4,4
2019警校统一联考（浙江分校十一月用）（技术内部测试专用）,WEI_XIN_APPLET,2,2
2020国考（地市级）行测万人模考第一季,,84,0
2020国考（地市级）行测万人模考第一季,ANDROID,52,0
2020国考（地市级）行测万人模考第一季,BATCH,2,0
2020国考（地市级）行测万人模考第一季,EDUCATION,24,0
2020国考（地市级）行测万人模考第一季,IPHONE,29,0
2020国考（地市级）行测万人模考第一季,MOBILE,2,0
2020国考（地市级）行测万人模考第一季,PC,3,0
618赏金模考大赛（2020国考行测）,,52,8
618赏金模考大赛（2020国考行测）,ANDROID,39,4
618赏金模考大赛（2020国考行测）,ANDROID_IPAD,2,0
618赏金模考大赛（2020国考行测）,BATCH,7,0
618赏金模考大赛（2020国考行测）,EDUCATION,11,2
618赏金模考大赛（2020国考行测）,IPHONE,12,0
618赏金模考大赛（2020国考行测）,MOBILE,1,0
618赏金模考大赛（2020国考行测）,PC,2,1
【内部测试】2018年公安院校联考行测模拟考试第一期,,6,6
【内部测试】2018年公安院校联考行测模拟考试第一期,EDUCATION,1,1
【内部测试】2018年公安院校联考行测模拟考试第一期,PC,1,1
【内部测试专用】2018年河北省省直事业单位公开招聘考试《职业能力测验》真题,IPHONE,1,1
内侧8,,2,2
内侧8,ANDROID,2,2
内侧8,PC,1,1
内测,,5,5
内测,ANDROID,1,1
内测888,ANDROID,1,1
内部测试,,2,2
内部测试,PC,1,1
内部测试00,,1,1
内部测试00,ANDROID,1,1
内部测试000,ANDROID,1,1
内部测试10,ANDROID,2,2
内部测试111,ANDROID,1,1
内部测试123,ANDROID,1,1
内部测试1515,,1,1
内部测试1515,ANDROID,1,1
内部测试3,,2,2
内部测试3,ANDROID,2,2
内部测试4,,2,2
内部测试4,ANDROID,1,1
内部测试4,PC,1,1
内部测试5,,3,3
内部测试5,ANDROID,1,1
内部测试5,PC,2,2
内部测试6,,1,1
内部测试6,ANDROID,1,1
内部测试7,,3,3
内部测试7,ANDROID,2,2
内部测试7,PC,1,1
内部测试8,,4,4
内部测试8,ANDROID,1,1
内部测试8,EDUCATION,1,1
内部测试9,ANDROID,3,3
内部测试9,EDUCATION,1,1
内部测试9,PC,2,2
内部测试用【学员勿进，谅解】,,3,3
内部测试用【学员勿进，谅解】,ANDROID,1,1
内部测试用【学员勿进，谅解】,PC,1,1
开发测试,PC,1,0
招警机考内部测试,,25,25
招警机考内部测试,ANDROID,4,4
招警机考内部测试,EDUCATION,3,3
招警机考内部测试,IPHONE,2,2
招警机考内部测试,PC,3,3
招警机考内部测试,WEI_XIN_APPLET,1,1
测试,ANDROID,4,4
测试00,ANDROID,1,1
测试2,ANDROID,2,2
测试3,ANDROID,2,2
